<?xml version="1.0" encoding="UTF-8" ?>
<!DOCTYPE mapper PUBLIC "-//mybatis.org//DTD Mapper 3.0//EN" 
	"http://mybatis.org/dtd/mybatis-3-mapper.dtd">

<mapper namespace="com.ssafy.member.model.mapper.MemberMapper">

	<resultMap type="memberDto" id="member">
		<result column="user_id" property="userId"/>
		<result column="user_name" property="userName"/>
		<result column="user_role" property="userRole"/>
	</resultMap>
	
	<resultMap type="memberDto" id="memberAll" extends="member">
		<result column="user_password" property="userPwd"/>
		<result column="user_email" property="userEmail"/>
		<result column="user_phone" property="userPhone"/>
		<result column="user_role" property="userRole"/>
	</resultMap>

	<select id="idCheck" parameterType="String" resultType="int">
		select count(user_id)
		from members
		where user_id = #{userId}
	</select>

	<insert id="joinMember" parameterType="memberDto">
		insert into members (user_id, user_name, user_password, user_email, user_phone, user_role)
		values (#{userId}, #{userName}, md5(#{userPwd}), #{userEmail}, #{userPhone}, #{userRole})
	</insert>

	<select id="login" parameterType="memberDto" resultMap="member">
		select user_id, user_name, user_role
		from members
		where user_id = #{userId} and user_password = md5(#{userPwd})
	</select>
	
	<select id="listMember" resultMap="memberAll">
		select user_id, user_name, user_email, user_phone, user_role, user_del
		from members
		order by user_role
	</select>
	
	<select id="getMember" parameterType="string" resultMap="memberAll">
		select user_id, user_name, user_password, user_email, user_phone, user_role
		from members
		where user_id = #{userId}
	</select>
	
	<update id="updateMember" parameterType="memberDto">
		update members
		<trim prefix="set" suffixOverrides=",">
			<if test="userName != null">user_name = #{userName},</if>
			<if test="userPwd != null">user_password = md5(#{userPwd}),</if>
			<if test="userEmail != null">user_email= #{userEmail},</if>
			<if test="userPhone != null">user_phone = #{userPhone}</if>
		</trim>
		where user_id = #{userId}
	</update>
	
	<delete id="deleteMember" parameterType="String">
		update members set user_del = 1
		where user_id = #{userId}
	</delete>

	<select id="getRefreshToken" parameterType="string" resultType="string">
		select token
		from members
		where user_id = #{userId}
	</select>
	
	<update id="saveRefreshToken" parameterType="map">
		update members
		set token = #{token}
		where user_id = #{userId}
	</update>
	
	<update id="deleteRefreshToken" parameterType="map">
		update members
		set token = #{token, jdbcType=VARCHAR}
		where user_id = #{userId}
	</update>
	
</mapper>